{
    "name": "Vampire le Requiem 2e - Compendium",
    "title": "Vampire le Requiem 2e - Compendium",
    "description": "Un compedium pour le JDR Vampire le Requiem 2e",
    "version": "0.1.0",
    "author": "Lumosc",
    "minimumCoreVersion": "0.7.5",
    "compatibleCoreVersion": "0.8.9",
    "packs": [
        {
            "name": "atouts-generaux",
            "label": "Atouts généraux",
            "path": "./packs/atouts-generaux.db",
            "entity": "Item"
        },
        {
            "name": "atouts-humains",
            "label": "Atouts humains",
            "path": "./packs/atouts-humains.db",
            "entity": "Item"
        }
    ],
    "manifest": "https://github.com/Lumosc/compendium-Vampire2e/raw/main/module.json",
    "download": "https://github.com/Lumosc/compendium-Vampire2e/raw/main/Compendium-Vampire2e.zip"
  }
